Cement,BlastFurnaceSlag,FlyAsh,Water,Superplasticizer,CoarseAgg,FineAgg,AgeDays,W.C,StrengthMPa
540,0,0,162,2.5,1055,676,28,0.3,61.89
332.5,142.5,0,228,0,932,594,270,0.685714286,40.27
332.5,142.5,0,228,0,932,594,365,0.685714286,41.05
198.6,132.4,0,192,0,978.4,825.5,360,0.966767372,44.3
266,114,0,228,0,932,670,90,0.857142857,47.03
380,95,0,228,0,932,594,365,0.6,43.7
380,95,0,228,0,932,594,28,0.6,36.45
266,114,0,228,0,932,670,28,0.857142857,45.85
475,0,0,228,0,932,594,28,0.48,39.29
198.6,132.4,0,192,0,978.4,825.5,90,0.966767372,38.07
198.6,132.4,0,192,0,978.4,825.5,28,0.966767372,28.02
427.5,47.5,0,228,0,932,594,270,0.533333333,43.01
190,190,0,228,0,932,670,90,1.2,42.33
304,76,0,228,0,932,670,28,0.75,47.81
380,0,0,228,0,932,670,90,0.6,52.91
139.6,209.4,0,192,0,1047,806.9,90,1.375358166,39.36
342,38,0,228,0,932,670,365,0.666666667,56.14
380,95,0,228,0,932,594,90,0.6,40.56
475,0,0,228,0,932,594,180,0.48,42.62
427.5,47.5,0,228,0,932,594,180,0.533333333,41.84
139.6,209.4,0,192,0,1047,806.9,28,1.375358166,28.24
139.6,209.4,0,192,0,1047,806.9,3,1.375358166,8.06
139.6,209.4,0,192,0,1047,806.9,180,1.375358166,44.21
380,0,0,228,0,932,670,365,0.6,52.52
380,0,0,228,0,932,670,270,0.6,53.3
380,95,0,228,0,932,594,270,0.6,41.15
342,38,0,228,0,932,670,180,0.666666667,52.12
427.5,47.5,0,228,0,932,594,28,0.533333333,37.43
475,0,0,228,0,932,594,7,0.48,38.6
304,76,0,228,0,932,670,365,0.75,55.26
266,114,0,228,0,932,670,365,0.857142857,52.91
198.6,132.4,0,192,0,978.4,825.5,180,0.966767372,41.72
475,0,0,228,0,932,594,270,0.48,42.13
190,190,0,228,0,932,670,365,1.2,53.69
237.5,237.5,0,228,0,932,594,270,0.96,38.41
237.5,237.5,0,228,0,932,594,28,0.96,30.08
332.5,142.5,0,228,0,932,594,90,0.685714286,37.72
475,0,0,228,0,932,594,90,0.48,42.23
237.5,237.5,0,228,0,932,594,180,0.96,36.25
342,38,0,228,0,932,670,90,0.666666667,50.46
427.5,47.5,0,228,0,932,594,365,0.533333333,43.7
237.5,237.5,0,228,0,932,594,365,0.96,39
380,0,0,228,0,932,670,180,0.6,53.1
427.5,47.5,0,228,0,932,594,90,0.533333333,41.54
427.5,47.5,0,228,0,932,594,7,0.533333333,35.08
349,0,0,192,0,1047,806.9,3,0.550143266,15.05
380,95,0,228,0,932,594,180,0.6,40.76
237.5,237.5,0,228,0,932,594,7,0.96,26.26
380,95,0,228,0,932,594,7,0.6,32.82
332.5,142.5,0,228,0,932,594,180,0.685714286,39.78
190,190,0,228,0,932,670,180,1.2,46.93
237.5,237.5,0,228,0,932,594,90,0.96,33.12
304,76,0,228,0,932,670,90,0.75,49.19
139.6,209.4,0,192,0,1047,806.9,7,1.375358166,14.59
198.6,132.4,0,192,0,978.4,825.5,7,0.966767372,14.64
475,0,0,228,0,932,594,365,0.48,41.93
198.6,132.4,0,192,0,978.4,825.5,3,0.966767372,9.13
304,76,0,228,0,932,670,180,0.75,50.95
332.5,142.5,0,228,0,932,594,28,0.685714286,33.02
304,76,0,228,0,932,670,270,0.75,54.38
266,114,0,228,0,932,670,270,0.857142857,51.73
310,0,0,192,0,971,850.6,3,0.619354839,9.87
190,190,0,228,0,932,670,270,1.2,50.66
266,114,0,228,0,932,670,180,0.857142857,48.7
342,38,0,228,0,932,670,270,0.666666667,55.06
139.6,209.4,0,192,0,1047,806.9,360,1.375358166,44.7
332.5,142.5,0,228,0,932,594,7,0.685714286,30.28
190,190,0,228,0,932,670,28,1.2,40.86
485,0,0,146,0,1120,800,28,0.301030928,71.99
374,189.2,0,170.1,10.1,926.1,756.7,3,0.454812834,34.4
313.3,262.2,0,175.5,8.6,1046.9,611.8,3,0.560165975,28.8
425,106.3,0,153.5,16.5,852.1,887.1,3,0.361176471,33.4
425,106.3,0,151.4,18.6,936,803.7,3,0.356235294,36.3
475,118.8,0,181.1,8.9,852.1,781.5,3,0.381263158,37.8
425,106.3,0,153.5,16.5,852.1,887.1,3,0.361176471,33.4
388.6,97.1,0,157.9,12.1,852.1,925.7,3,0.406330417,28.1
425,106.3,0,153.5,16.5,852.1,887.1,3,0.361176471,33.4
318.8,212.5,0,155.7,14.3,852.1,880.4,3,0.488393977,25.2
401.8,94.7,0,147.4,11.4,946.8,852.1,3,0.366849179,41.1
362.6,189,0,164.9,11.6,944.7,755.8,3,0.454771098,35.3
323.7,282.8,0,183.8,10.3,942.7,659.9,3,0.5678097,28.3
379.5,151.2,0,153.9,15.9,1134.3,605,3,0.405533597,28.6
362.6,189,0,164.9,11.6,944.7,755.8,3,0.454771098,35.3
286.3,200.9,0,144.7,11.2,1004.6,803.7,3,0.505413902,24.4
362.6,189,0,164.9,11.6,944.7,755.8,3,0.454771098,35.3
439,177,0,186,11.1,884.9,707.9,3,0.423690205,39.3
389.9,189,0,145.9,22,944.7,755.8,3,0.374198512,40.6
362.6,189,0,164.9,11.6,944.7,755.8,3,0.454771098,35.3
337.9,189,0,174.9,9.5,944.7,755.8,3,0.51760876,24.1
374,189.2,0,170.1,10.1,926.1,756.7,7,0.454812834,46.2
313.3,262.2,0,175.5,8.6,1046.9,611.8,7,0.560165975,42.8
425,106.3,0,153.5,16.5,852.1,887.1,7,0.361176471,49.2
425,106.3,0,151.4,18.6,936,803.7,7,0.356235294,46.8
475,118.8,0,181.1,8.9,852.1,781.5,7,0.381263158,55.6
425,106.3,0,153.5,16.5,852.1,887.1,7,0.361176471,49.2
388.6,97.1,0,157.9,12.1,852.1,925.7,7,0.406330417,34.9
425,106.3,0,153.5,16.5,852.1,887.1,7,0.361176471,49.2
318.8,212.5,0,155.7,14.3,852.1,880.4,7,0.488393977,33.4
401.8,94.7,0,147.4,11.4,946.8,852.1,7,0.366849179,54.1
362.6,189,0,164.9,11.6,944.7,755.8,7,0.454771098,55.9
323.7,282.8,0,183.8,10.3,942.7,659.9,7,0.5678097,49.8
379.5,151.2,0,153.9,15.9,1134.3,605,7,0.405533597,47.1
362.6,189,0,164.9,11.6,944.7,755.8,7,0.454771098,55.9
286.3,200.9,0,144.7,11.2,1004.6,803.7,7,0.505413902,38
362.6,189,0,164.9,11.6,944.7,755.8,7,0.454771098,55.9
439,177,0,186,11.1,884.9,707.9,7,0.423690205,56.1
389.9,189,0,145.9,22,944.7,755.8,7,0.374198512,59.09
362.6,189,0,164.9,11.6,944.7,755.8,7,0.454771098,22.9
337.9,189,0,174.9,9.5,944.7,755.8,7,0.51760876,35.1
374,189.2,0,170.1,10.1,926.1,756.7,28,0.454812834,61.09
313.3,262.2,0,175.5,8.6,1046.9,611.8,28,0.560165975,59.8
425,106.3,0,153.5,16.5,852.1,887.1,28,0.361176471,60.29
425,106.3,0,151.4,18.6,936,803.7,28,0.356235294,61.8
475,118.8,0,181.1,8.9,852.1,781.5,28,0.381263158,68.3
425,106.3,0,153.5,16.5,852.1,887.1,28,0.361176471,60.29
388.6,97.1,0,157.9,12.1,852.1,925.7,28,0.406330417,50.7
425,106.3,0,153.5,16.5,852.1,887.1,28,0.361176471,60.29
318.8,212.5,0,155.7,14.3,852.1,880.4,28,0.488393977,55.5
401.8,94.7,0,147.4,11.4,946.8,852.1,28,0.366849179,68.5
362.6,189,0,164.9,11.6,944.7,755.8,28,0.454771098,71.3
323.7,282.8,0,183.8,10.3,942.7,659.9,28,0.5678097,74.7
379.5,151.2,0,153.9,15.9,1134.3,605,28,0.405533597,52.2
362.6,189,0,164.9,11.6,944.7,755.8,28,0.454771098,71.3
286.3,200.9,0,144.7,11.2,1004.6,803.7,28,0.505413902,67.7
362.6,189,0,164.9,11.6,944.7,755.8,28,0.454771098,71.3
439,177,0,186,11.1,884.9,707.9,28,0.423690205,66
389.9,189,0,145.9,22,944.7,755.8,28,0.374198512,74.5
362.6,189,0,164.9,11.6,944.7,755.8,28,0.454771098,71.3
337.9,189,0,174.9,9.5,944.7,755.8,28,0.51760876,49.9
374,189.2,0,170.1,10.1,926.1,756.7,56,0.454812834,63.4
313.3,262.2,0,175.5,8.6,1046.9,611.8,56,0.560165975,64.9
425,106.3,0,153.5,16.5,852.1,887.1,56,0.361176471,64.3
425,106.3,0,151.4,18.6,936,803.7,56,0.356235294,64.9
475,118.8,0,181.1,8.9,852.1,781.5,56,0.381263158,72.3
425,106.3,0,153.5,16.5,852.1,887.1,56,0.361176471,64.3
388.6,97.1,0,157.9,12.1,852.1,925.7,56,0.406330417,55.2
425,106.3,0,153.5,16.5,852.1,887.1,56,0.361176471,64.3
318.8,212.5,0,155.7,14.3,852.1,880.4,56,0.488393977,66.1
401.8,94.7,0,147.4,11.4,946.8,852.1,56,0.366849179,73.7
379.5,151.2,0,153.9,15.9,1134.3,605,56,0.405533597,54.9
286.3,200.9,0,144.7,11.2,1004.6,803.7,56,0.505413902,72.99
439,177,0,186,11.1,884.9,707.9,56,0.423690205,71.7
337.9,189,0,174.9,9.5,944.7,755.8,56,0.51760876,59.89
374,189.2,0,170.1,10.1,926.1,756.7,91,0.454812834,64.9
313.3,262.2,0,175.5,8.6,1046.9,611.8,91,0.560165975,66.6
425,106.3,0,153.5,16.5,852.1,887.1,91,0.361176471,65.2
425,106.3,0,151.4,18.6,936,803.7,91,0.356235294,66.7
475,118.8,0,181.1,8.9,852.1,781.5,91,0.381263158,74.19
425,106.3,0,153.5,16.5,852.1,887.1,91,0.361176471,65.2
388.6,97.1,0,157.9,12.1,852.1,925.7,91,0.406330417,57.6
425,106.3,0,153.5,16.5,852.1,887.1,91,0.361176471,65.2
318.8,212.5,0,155.7,14.3,852.1,880.4,91,0.488393977,68.1
401.8,94.7,0,147.4,11.4,946.8,852.1,91,0.366849179,75.5
379.5,151.2,0,153.9,15.9,1134.3,605,91,0.405533597,56.5
439,177,0,186,11.1,884.9,707.9,91,0.423690205,73.3
337.9,189,0,174.9,9.5,944.7,755.8,91,0.51760876,67.8
222.4,0,96.7,189.3,4.5,967.1,870.3,3,0.851169065,11.58
222.4,0,96.7,189.3,4.5,967.1,870.3,14,0.851169065,24.45
222.4,0,96.7,189.3,4.5,967.1,870.3,28,0.851169065,24.89
222.4,0,96.7,189.3,4.5,967.1,870.3,56,0.851169065,29.45
222.4,0,96.7,189.3,4.5,967.1,870.3,100,0.851169065,40.71
233.8,0,94.6,197.9,4.6,947,852.2,3,0.846449957,10.38
233.8,0,94.6,197.9,4.6,947,852.2,14,0.846449957,22.14
233.8,0,94.6,197.9,4.6,947,852.2,28,0.846449957,22.84
233.8,0,94.6,197.9,4.6,947,852.2,56,0.846449957,27.66
233.8,0,94.6,197.9,4.6,947,852.2,100,0.846449957,34.56
194.7,0,100.5,165.6,7.5,1006.4,905.9,3,0.850539291,12.45
194.7,0,100.5,165.6,7.5,1006.4,905.9,14,0.850539291,24.99
194.7,0,100.5,165.6,7.5,1006.4,905.9,28,0.850539291,25.72
194.7,0,100.5,165.6,7.5,1006.4,905.9,56,0.850539291,33.96
194.7,0,100.5,165.6,7.5,1006.4,905.9,100,0.850539291,37.34
190.7,0,125.4,162.1,7.8,1090,804,3,0.850026219,15.04
190.7,0,125.4,162.1,7.8,1090,804,14,0.850026219,21.06
190.7,0,125.4,162.1,7.8,1090,804,28,0.850026219,26.4
190.7,0,125.4,162.1,7.8,1090,804,56,0.850026219,35.34
190.7,0,125.4,162.1,7.8,1090,804,100,0.850026219,40.57
212.1,0,121.6,180.3,5.7,1057.6,779.3,3,0.850070721,12.47
212.1,0,121.6,180.3,5.7,1057.6,779.3,14,0.850070721,20.92
212.1,0,121.6,180.3,5.7,1057.6,779.3,28,0.850070721,24.9
212.1,0,121.6,180.3,5.7,1057.6,779.3,56,0.850070721,34.2
212.1,0,121.6,180.3,5.7,1057.6,779.3,100,0.850070721,39.61
230,0,118.3,195.5,4.6,1029.4,758.6,3,0.85,10.03
230,0,118.3,195.5,4.6,1029.4,758.6,14,0.85,20.08
230,0,118.3,195.5,4.6,1029.4,758.6,28,0.85,24.48
230,0,118.3,195.5,4.6,1029.4,758.6,56,0.85,31.54
230,0,118.3,195.5,4.6,1029.4,758.6,100,0.85,35.34
190.3,0,125.2,161.9,9.9,1088.1,802.6,3,0.850761955,9.45
190.3,0,125.2,161.9,9.9,1088.1,802.6,14,0.850761955,22.72
190.3,0,125.2,161.9,9.9,1088.1,802.6,28,0.850761955,28.47
190.3,0,125.2,161.9,9.9,1088.1,802.6,56,0.850761955,38.56
190.3,0,125.2,161.9,9.9,1088.1,802.6,100,0.850761955,40.39
166.1,0,163.3,176.5,4.5,1058.6,780.1,3,1.062612884,10.76
166.1,0,163.3,176.5,4.5,1058.6,780.1,14,1.062612884,25.48
166.1,0,163.3,176.5,4.5,1058.6,780.1,28,1.062612884,21.54
166.1,0,163.3,176.5,4.5,1058.6,780.1,56,1.062612884,28.63
166.1,0,163.3,176.5,4.5,1058.6,780.1,100,1.062612884,33.54
213.7,98.1,24.5,181.7,6.9,1065.8,785.4,3,0.85025737,18
213.7,98.1,24.5,181.7,6.9,1065.8,785.4,14,0.85025737,30.39
213.7,98.1,24.5,181.7,6.9,1065.8,785.4,28,0.85025737,45.71
213.7,98.1,24.5,181.7,6.9,1065.8,785.4,56,0.85025737,50.77
213.7,98.1,24.5,181.7,6.9,1065.8,785.4,100,0.85025737,53.9
213.8,98.1,24.5,181.7,6.7,1066,785.5,3,0.849859682,13.18
213.8,98.1,24.5,181.7,6.7,1066,785.5,14,0.849859682,17.84
213.8,98.1,24.5,181.7,6.7,1066,785.5,28,0.849859682,40.23
213.8,98.1,24.5,181.7,6.7,1066,785.5,56,0.849859682,47.13
213.8,98.1,24.5,181.7,6.7,1066,785.5,100,0.849859682,49.97
229.7,0,118.2,195.2,6.1,1028.1,757.6,3,0.849804092,13.36
229.7,0,118.2,195.2,6.1,1028.1,757.6,14,0.849804092,22.32
229.7,0,118.2,195.2,6.1,1028.1,757.6,28,0.849804092,24.54
229.7,0,118.2,195.2,6.1,1028.1,757.6,56,0.849804092,31.35
229.7,0,118.2,195.2,6.1,1028.1,757.6,100,0.849804092,40.86
238.1,0,94.1,186.7,7,949.9,847,3,0.784124318,19.93
238.1,0,94.1,186.7,7,949.9,847,14,0.784124318,25.69
238.1,0,94.1,186.7,7,949.9,847,28,0.784124318,30.23
238.1,0,94.1,186.7,7,949.9,847,56,0.784124318,39.59
238.1,0,94.1,186.7,7,949.9,847,100,0.784124318,44.3
250,0,95.7,187.4,5.5,956.9,861.2,3,0.7496,13.82
250,0,95.7,187.4,5.5,956.9,861.2,14,0.7496,24.92
250,0,95.7,187.4,5.5,956.9,861.2,28,0.7496,29.22
250,0,95.7,187.4,5.5,956.9,861.2,56,0.7496,38.33
250,0,95.7,187.4,5.5,956.9,861.2,100,0.7496,42.35
212.5,0,100.4,159.3,8.7,1007.8,903.6,3,0.749647059,13.54
212.5,0,100.4,159.3,8.7,1007.8,903.6,14,0.749647059,26.31
212.5,0,100.4,159.3,8.7,1007.8,903.6,28,0.749647059,31.64
212.5,0,100.4,159.3,8.7,1007.8,903.6,56,0.749647059,42.55
212.5,0,100.4,159.3,8.7,1007.8,903.6,100,0.749647059,42.92
212.6,0,100.4,159.4,10.4,1003.8,903.8,3,0.749764817,13.33
212.6,0,100.4,159.4,10.4,1003.8,903.8,14,0.749764817,25.37
212.6,0,100.4,159.4,10.4,1003.8,903.8,28,0.749764817,37.4
212.6,0,100.4,159.4,10.4,1003.8,903.8,56,0.749764817,44.4
212.6,0,100.4,159.4,10.4,1003.8,903.8,100,0.749764817,47.74
212,0,124.8,159,7.8,1085.4,799.5,3,0.75,19.52
212,0,124.8,159,7.8,1085.4,799.5,14,0.75,31.35
212,0,124.8,159,7.8,1085.4,799.5,28,0.75,38.5
212,0,124.8,159,7.8,1085.4,799.5,56,0.75,45.08
212,0,124.8,159,7.8,1085.4,799.5,100,0.75,47.82
231.8,0,121.6,174,6.7,1056.4,778.5,3,0.75064711,15.44
231.8,0,121.6,174,6.7,1056.4,778.5,14,0.75064711,26.77
231.8,0,121.6,174,6.7,1056.4,778.5,28,0.75064711,33.73
231.8,0,121.6,174,6.7,1056.4,778.5,56,0.75064711,42.7
231.8,0,121.6,174,6.7,1056.4,778.5,100,0.75064711,45.84
251.4,0,118.3,188.5,5.8,1028.4,757.7,3,0.749801114,17.22
251.4,0,118.3,188.5,5.8,1028.4,757.7,14,0.749801114,29.93
251.4,0,118.3,188.5,5.8,1028.4,757.7,28,0.749801114,29.65
251.4,0,118.3,188.5,5.8,1028.4,757.7,56,0.749801114,36.97
251.4,0,118.3,188.5,5.8,1028.4,757.7,100,0.749801114,43.58
251.4,0,118.3,188.5,6.4,1028.4,757.7,3,0.749801114,13.12
251.4,0,118.3,188.5,6.4,1028.4,757.7,14,0.749801114,24.43
251.4,0,118.3,188.5,6.4,1028.4,757.7,28,0.749801114,32.66
251.4,0,118.3,188.5,6.4,1028.4,757.7,56,0.749801114,36.64
251.4,0,118.3,188.5,6.4,1028.4,757.7,100,0.749801114,44.21
181.4,0,167,169.6,7.6,1055.6,777.8,3,0.934950386,13.62
181.4,0,167,169.6,7.6,1055.6,777.8,14,0.934950386,21.6
181.4,0,167,169.6,7.6,1055.6,777.8,28,0.934950386,27.77
181.4,0,167,169.6,7.6,1055.6,777.8,56,0.934950386,35.57
181.4,0,167,169.6,7.6,1055.6,777.8,100,0.934950386,45.37
182,45.2,122,170.2,8.2,1059.4,780.7,3,0.935164835,7.32
182,45.2,122,170.2,8.2,1059.4,780.7,14,0.935164835,21.5
182,45.2,122,170.2,8.2,1059.4,780.7,28,0.935164835,31.27
182,45.2,122,170.2,8.2,1059.4,780.7,56,0.935164835,43.5
182,45.2,122,170.2,8.2,1059.4,780.7,100,0.935164835,48.67
168.9,42.2,124.3,158.3,10.8,1080.8,796.2,3,0.937240971,7.4
168.9,42.2,124.3,158.3,10.8,1080.8,796.2,14,0.937240971,23.51
168.9,42.2,124.3,158.3,10.8,1080.8,796.2,28,0.937240971,31.12
168.9,42.2,124.3,158.3,10.8,1080.8,796.2,56,0.937240971,39.15
168.9,42.2,124.3,158.3,10.8,1080.8,796.2,100,0.937240971,48.15
290.4,0,96.2,168.1,9.4,961.2,865,3,0.578856749,22.5
290.4,0,96.2,168.1,9.4,961.2,865,14,0.578856749,34.67
290.4,0,96.2,168.1,9.4,961.2,865,28,0.578856749,34.74
290.4,0,96.2,168.1,9.4,961.2,865,56,0.578856749,45.08
290.4,0,96.2,168.1,9.4,961.2,865,100,0.578856749,48.97
277.1,0,97.4,160.6,11.8,973.9,875.6,3,0.579574161,23.14
277.1,0,97.4,160.6,11.8,973.9,875.6,14,0.579574161,41.89
277.1,0,97.4,160.6,11.8,973.9,875.6,28,0.579574161,48.28
277.1,0,97.4,160.6,11.8,973.9,875.6,56,0.579574161,51.04
277.1,0,97.4,160.6,11.8,973.9,875.6,100,0.579574161,55.64
295.7,0,95.6,171.5,8.9,955.1,859.2,3,0.579979709,22.95
295.7,0,95.6,171.5,8.9,955.1,859.2,14,0.579979709,35.23
295.7,0,95.6,171.5,8.9,955.1,859.2,28,0.579979709,39.94
295.7,0,95.6,171.5,8.9,955.1,859.2,56,0.579979709,48.72
295.7,0,95.6,171.5,8.9,955.1,859.2,100,0.579979709,52.04
251.8,0,99.9,146.1,12.4,1006,899.8,3,0.580222399,21.02
251.8,0,99.9,146.1,12.4,1006,899.8,14,0.580222399,33.36
251.8,0,99.9,146.1,12.4,1006,899.8,28,0.580222399,33.94
251.8,0,99.9,146.1,12.4,1006,899.8,56,0.580222399,44.14
251.8,0,99.9,146.1,12.4,1006,899.8,100,0.580222399,45.37
249.1,0,98.8,158.1,12.8,987.8,889,3,0.634684866,15.36
249.1,0,98.8,158.1,12.8,987.8,889,14,0.634684866,28.68
249.1,0,98.8,158.1,12.8,987.8,889,28,0.634684866,30.85
249.1,0,98.8,158.1,12.8,987.8,889,56,0.634684866,42.03
249.1,0,98.8,158.1,12.8,987.8,889,100,0.634684866,51.06
252.3,0,98.8,146.3,14.2,987.8,889,3,0.57986524,21.78
252.3,0,98.8,146.3,14.2,987.8,889,14,0.57986524,42.29
252.3,0,98.8,146.3,14.2,987.8,889,28,0.57986524,50.6
252.3,0,98.8,146.3,14.2,987.8,889,56,0.57986524,55.83
252.3,0,98.8,146.3,14.2,987.8,889,100,0.57986524,60.95
246.8,0,125.1,143.3,12,1086.8,800.9,3,0.580632091,23.52
246.8,0,125.1,143.3,12,1086.8,800.9,14,0.580632091,42.22
246.8,0,125.1,143.3,12,1086.8,800.9,28,0.580632091,52.5
246.8,0,125.1,143.3,12,1086.8,800.9,56,0.580632091,60.32
246.8,0,125.1,143.3,12,1086.8,800.9,100,0.580632091,66.42
275.1,0,121.4,159.5,9.9,1053.6,777.5,3,0.579789168,23.8
275.1,0,121.4,159.5,9.9,1053.6,777.5,14,0.579789168,38.77
275.1,0,121.4,159.5,9.9,1053.6,777.5,28,0.579789168,51.33
275.1,0,121.4,159.5,9.9,1053.6,777.5,56,0.579789168,56.85
275.1,0,121.4,159.5,9.9,1053.6,777.5,100,0.579789168,58.61
297.2,0,117.5,174.8,9.5,1022.8,753.5,3,0.588156124,21.91
297.2,0,117.5,174.8,9.5,1022.8,753.5,14,0.588156124,36.99
297.2,0,117.5,174.8,9.5,1022.8,753.5,28,0.588156124,47.4
297.2,0,117.5,174.8,9.5,1022.8,753.5,56,0.588156124,51.96
297.2,0,117.5,174.8,9.5,1022.8,753.5,100,0.588156124,56.74
213.7,0,174.7,154.8,10.2,1053.5,776.4,3,0.724379972,17.57
213.7,0,174.7,154.8,10.2,1053.5,776.4,14,0.724379972,33.73
213.7,0,174.7,154.8,10.2,1053.5,776.4,28,0.724379972,40.15
213.7,0,174.7,154.8,10.2,1053.5,776.4,56,0.724379972,46.64
213.7,0,174.7,154.8,10.2,1053.5,776.4,100,0.724379972,50.08
213.5,0,174.2,154.6,11.7,1052.3,775.5,3,0.72412178,17.37
213.5,0,174.2,154.6,11.7,1052.3,775.5,14,0.72412178,33.7
213.5,0,174.2,154.6,11.7,1052.3,775.5,28,0.72412178,45.94
213.5,0,174.2,154.6,11.7,1052.3,775.5,56,0.72412178,51.43
213.5,0,174.2,154.6,11.7,1052.3,775.5,100,0.72412178,59.3
277.2,97.8,24.5,160.7,11.2,1061.7,782.5,3,0.57972583,30.45
277.2,97.8,24.5,160.7,11.2,1061.7,782.5,14,0.57972583,47.71
277.2,97.8,24.5,160.7,11.2,1061.7,782.5,28,0.57972583,63.14
277.2,97.8,24.5,160.7,11.2,1061.7,782.5,56,0.57972583,66.82
277.2,97.8,24.5,160.7,11.2,1061.7,782.5,100,0.57972583,66.95
218.2,54.6,123.8,140.8,11.9,1075.7,792.7,3,0.64527956,27.42
218.2,54.6,123.8,140.8,11.9,1075.7,792.7,14,0.64527956,35.96
218.2,54.6,123.8,140.8,11.9,1075.7,792.7,28,0.64527956,55.51
218.2,54.6,123.8,140.8,11.9,1075.7,792.7,56,0.64527956,61.99
218.2,54.6,123.8,140.8,11.9,1075.7,792.7,100,0.64527956,63.53
214.9,53.8,121.9,155.6,9.6,1014.3,780.6,3,0.724057701,18.02
214.9,53.8,121.9,155.6,9.6,1014.3,780.6,14,0.724057701,38.6
214.9,53.8,121.9,155.6,9.6,1014.3,780.6,28,0.724057701,52.2
214.9,53.8,121.9,155.6,9.6,1014.3,780.6,56,0.724057701,53.96
214.9,53.8,121.9,155.6,9.6,1014.3,780.6,100,0.724057701,56.63
218.9,0,124.1,158.5,11.3,1078.7,794.9,3,0.72407492,15.34
218.9,0,124.1,158.5,11.3,1078.7,794.9,14,0.72407492,26.05
218.9,0,124.1,158.5,11.3,1078.7,794.9,28,0.72407492,30.22
218.9,0,124.1,158.5,11.3,1078.7,794.9,56,0.72407492,37.27
218.9,0,124.1,158.5,11.3,1078.7,794.9,100,0.72407492,46.23
376,0,0,214.6,0,1003.5,762.4,3,0.570744681,16.28
376,0,0,214.6,0,1003.5,762.4,14,0.570744681,25.62
376,0,0,214.6,0,1003.5,762.4,28,0.570744681,31.97
376,0,0,214.6,0,1003.5,762.4,56,0.570744681,36.3
376,0,0,214.6,0,1003.5,762.4,100,0.570744681,43.06
500,0,0,140,4,966,853,28,0.28,67.57
475,0,59,142,1.9,1098,641,28,0.298947368,57.23
505,0,60,195,0,1030,630,28,0.386138614,64.02
516,0,0,162,8.2,801,802,28,0.313953488,41.37
520,0,0,170,5.2,855,855,28,0.326923077,60.28
528,0,0,185,6.9,920,720,28,0.350378788,56.83
520,0,0,175,5.2,870,805,28,0.336538462,51.02
385,0,136,158,20,903,768,28,0.41038961,55.55
500.1,0,0,200,3,1124.4,613.2,28,0.399920016,44.13
450.1,50,0,200,3,1124.4,613.2,28,0.444345701,39.38
397,17.2,158,167,20.8,967,633,28,0.420654912,55.65
333,17.5,163,167,17.9,996,652,28,0.501501502,47.28
334,17.6,158,189,15.3,967,633,28,0.565868263,44.33
405,0,0,175,0,1120,695,28,0.432098765,52.3
200,200,0,190,0,1145,660,28,0.95,49.25
516,0,0,162,8.3,801,802,28,0.313953488,41.37
145,116,119,184,5.7,833,880,28,1.268965517,29.16
160,128,122,182,6.4,824,879,28,1.1375,39.4
234,156,0,189,5.9,981,760,28,0.807692308,39.3
250,180,95,159,9.5,860,800,28,0.636,67.87
475,0,0,162,9.5,1044,662,28,0.341052632,58.52
285,190,0,163,7.6,1031,685,28,0.571929825,53.58
356,119,0,160,9,1061,657,28,0.449438202,59
275,180,120,162,10.4,830,765,28,0.589090909,76.24
500,0,0,151,9,1033,655,28,0.302,69.84
165,0,143.6,163.8,0,1005.6,900.9,3,0.992727273,14.4
165,128.5,132.1,175.1,8.1,1005.8,746.6,3,1.061212121,19.42
178,129.8,118.6,179.9,3.6,1007.3,746.8,3,1.010674157,20.73
167.4,129.9,128.6,175.5,7.8,1006.3,746.6,3,1.048387097,14.94
172.4,13.6,172.4,156.8,4.1,1006.3,856.4,3,0.909512761,21.29
173.5,50.1,173.5,164.8,6.5,1006.2,793.5,3,0.949855908,23.08
167,75.4,167,164,7.9,1007.3,770.1,3,0.982035928,15.52
173.8,93.4,159.9,172.3,9.7,1007.2,746.6,3,0.99136939,15.82
190.3,0,125.2,166.6,9.9,1079,798.9,3,0.8754598,12.55
250,0,95.7,191.8,5.3,948.9,857.2,3,0.7672,8.49
213.5,0,174.2,159.2,11.7,1043.6,771.9,3,0.745667447,15.61
194.7,0,100.5,170.2,7.5,998,901.8,3,0.874165383,12.18
251.4,0,118.3,192.9,5.8,1043.6,754.3,3,0.767303103,11.98
165,0,143.6,163.8,0,1005.6,900.9,14,0.992727273,16.88
165,128.5,132.1,175.1,8.1,1005.8,746.6,14,1.061212121,33.09
178,129.8,118.6,179.9,3.6,1007.3,746.8,14,1.010674157,34.24
167.4,129.9,128.6,175.5,7.8,1006.3,746.6,14,1.048387097,31.81
172.4,13.6,172.4,156.8,4.1,1006.3,856.4,14,0.909512761,29.75
173.5,50.1,173.5,164.8,6.5,1006.2,793.5,14,0.949855908,33.01
167,75.4,167,164,7.9,1007.3,770.1,14,0.982035928,32.9
173.8,93.4,159.9,172.3,9.7,1007.2,746.6,14,0.99136939,29.55
190.3,0,125.2,166.6,9.9,1079,798.9,14,0.8754598,19.42
250,0,95.7,191.8,5.3,948.9,857.2,14,0.7672,24.66
213.5,0,174.2,159.2,11.7,1043.6,771.9,14,0.745667447,29.59
194.7,0,100.5,170.2,7.5,998,901.8,14,0.874165383,24.28
251.4,0,118.3,192.9,5.8,1043.6,754.3,14,0.767303103,20.73
165,0,143.6,163.8,0,1005.6,900.9,28,0.992727273,26.2
165,128.5,132.1,175.1,8.1,1005.8,746.6,28,1.061212121,46.39
178,129.8,118.6,179.9,3.6,1007.3,746.8,28,1.010674157,39.16
167.4,129.9,128.6,175.5,7.8,1006.3,746.6,28,1.048387097,41.2
172.4,13.6,172.4,156.8,4.1,1006.3,856.4,28,0.909512761,33.69
173.5,50.1,173.5,164.8,6.5,1006.2,793.5,28,0.949855908,38.2
167,75.4,167,164,7.9,1007.3,770.1,28,0.982035928,41.41
173.8,93.4,159.9,172.3,9.7,1007.2,746.6,28,0.99136939,37.81
190.3,0,125.2,166.6,9.9,1079,798.9,28,0.8754598,24.85
250,0,95.7,191.8,5.3,948.9,857.2,28,0.7672,27.22
213.5,0,174.2,159.2,11.7,1043.6,771.9,28,0.745667447,44.64
194.7,0,100.5,170.2,7.5,998,901.8,28,0.874165383,37.27
251.4,0,118.3,192.9,5.8,1043.6,754.3,28,0.767303103,33.27
165,0,143.6,163.8,0,1005.6,900.9,56,0.992727273,36.56
165,128.5,132.1,175.1,8.1,1005.8,746.6,56,1.061212121,53.72
178,129.8,118.6,179.9,3.6,1007.3,746.8,56,1.010674157,48.59
167.4,129.9,128.6,175.5,7.8,1006.3,746.6,56,1.048387097,51.72
172.4,13.6,172.4,156.8,4.1,1006.3,856.4,56,0.909512761,35.85
173.5,50.1,173.5,164.8,6.5,1006.2,793.5,56,0.949855908,53.77
167,75.4,167,164,7.9,1007.3,770.1,56,0.982035928,53.46
173.8,93.4,159.9,172.3,9.7,1007.2,746.6,56,0.99136939,48.99
190.3,0,125.2,166.6,9.9,1079,798.9,56,0.8754598,31.72
250,0,95.7,191.8,5.3,948.9,857.2,56,0.7672,39.64
213.5,0,174.2,159.2,11.7,1043.6,771.9,56,0.745667447,51.26
194.7,0,100.5,170.2,7.5,998,901.8,56,0.874165383,43.39
251.4,0,118.3,192.9,5.8,1043.6,754.3,56,0.767303103,39.27
165,0,143.6,163.8,0,1005.6,900.9,100,0.992727273,37.96
165,128.5,132.1,175.1,8.1,1005.8,746.6,100,1.061212121,55.02
178,129.8,118.6,179.9,3.6,1007.3,746.8,100,1.010674157,49.99
167.4,129.9,128.6,175.5,7.8,1006.3,746.6,100,1.048387097,53.66
172.4,13.6,172.4,156.8,4.1,1006.3,856.4,100,0.909512761,37.68
173.5,50.1,173.5,164.8,6.5,1006.2,793.5,100,0.949855908,56.06
167,75.4,167,164,7.9,1007.3,770.1,100,0.982035928,56.81
173.8,93.4,159.9,172.3,9.7,1007.2,746.6,100,0.99136939,50.94
190.3,0,125.2,166.6,9.9,1079,798.9,100,0.8754598,33.56
250,0,95.7,191.8,5.3,948.9,857.2,100,0.7672,41.16
213.5,0,174.2,159.2,11.7,1043.6,771.9,100,0.745667447,52.96
194.7,0,100.5,170.2,7.5,998,901.8,100,0.874165383,44.28
251.4,0,118.3,192.9,5.8,1043.6,754.3,100,0.767303103,40.15
446,24,79,162,11.6,967,712,28,0.3632287,57.03
446,24,79,162,11.6,967,712,28,0.3632287,44.42
446,24,79,162,11.6,967,712,28,0.3632287,51.02
446,24,79,162,10.3,967,712,28,0.3632287,53.39
446,24,79,162,11.6,967,712,3,0.3632287,35.36
446,24,79,162,11.6,967,712,3,0.3632287,25.02
446,24,79,162,11.6,967,712,3,0.3632287,23.35
446,24,79,162,11.6,967,712,7,0.3632287,52.01
446,24,79,162,11.6,967,712,7,0.3632287,38.02
446,24,79,162,11.6,967,712,7,0.3632287,39.3
446,24,79,162,11.6,967,712,56,0.3632287,61.07
446,24,79,162,11.6,967,712,56,0.3632287,56.14
446,24,79,162,11.6,967,712,56,0.3632287,55.25
446,24,79,162,10.3,967,712,56,0.3632287,54.77
387,20,94,157,14.3,938,845,28,0.405684755,50.24
387,20,94,157,13.9,938,845,28,0.405684755,46.68
387,20,94,157,11.6,938,845,28,0.405684755,46.68
387,20,94,157,14.3,938,845,3,0.405684755,22.75
387,20,94,157,13.9,938,845,3,0.405684755,25.51
387,20,94,157,11.6,938,845,3,0.405684755,34.77
387,20,94,157,14.3,938,845,7,0.405684755,36.84
387,20,94,157,13.9,938,845,7,0.405684755,45.9
387,20,94,157,11.6,938,845,7,0.405684755,41.67
387,20,94,157,14.3,938,845,56,0.405684755,56.34
387,20,94,157,13.9,938,845,56,0.405684755,47.97
387,20,94,157,11.6,938,845,56,0.405684755,61.46
355,19,97,145,13.1,967,871,28,0.408450704,44.03
355,19,97,145,12.3,967,871,28,0.408450704,55.45
491,26,123,210,3.9,882,699,28,0.427698574,55.55
491,26,123,201,3.9,822,699,28,0.409368635,57.92
491,26,123,210,3.9,882,699,3,0.427698574,25.61
491,26,123,210,3.9,882,699,7,0.427698574,33.49
491,26,123,210,3.9,882,699,56,0.427698574,59.59
491,26,123,201,3.9,822,699,3,0.409368635,29.55
491,26,123,201,3.9,822,699,7,0.409368635,37.92
491,26,123,201,3.9,822,699,56,0.409368635,61.86
424,22,132,178,8.5,822,750,28,0.419811321,62.05
424,22,132,178,8.5,882,750,3,0.419811321,32.01
424,22,132,168,8.9,822,750,28,0.396226415,72.1
424,22,132,178,8.5,822,750,7,0.419811321,39
424,22,132,178,8.5,822,750,56,0.419811321,65.7
424,22,132,168,8.9,822,750,3,0.396226415,32.11
424,22,132,168,8.9,822,750,7,0.396226415,40.29
424,22,132,168,8.9,822,750,56,0.396226415,74.36
202,11,141,206,1.7,942,801,28,1.01980198,21.97
202,11,141,206,1.7,942,801,3,1.01980198,9.85
202,11,141,206,1.7,942,801,7,1.01980198,15.07
202,11,141,206,1.7,942,801,56,1.01980198,23.25
284,15,141,179,5.5,842,801,28,0.63028169,43.73
284,15,141,179,5.5,842,801,3,0.63028169,13.4
284,15,141,179,5.5,842,801,7,0.63028169,24.13
284,15,141,179,5.5,842,801,56,0.63028169,44.52
359,19,141,154,10.9,942,801,28,0.428969359,62.94
359,19,141,154,10.9,942,801,28,0.428969359,59.49
359,19,141,154,10.9,942,801,3,0.428969359,25.12
359,19,141,154,10.9,942,801,3,0.428969359,23.64
359,19,141,154,10.9,942,801,7,0.428969359,35.75
359,19,141,154,10.9,942,801,7,0.428969359,38.61
359,19,141,154,10.9,942,801,56,0.428969359,68.75
359,19,141,154,10.9,942,801,56,0.428969359,66.78
436,0,0,218,0,838.4,719.7,28,0.5,23.85
289,0,0,192,0,913.2,895.3,90,0.664359862,32.07
289,0,0,192,0,913.2,895.3,3,0.664359862,11.65
393,0,0,192,0,940.6,785.6,3,0.488549618,19.2
393,0,0,192,0,940.6,785.6,90,0.488549618,48.85
393,0,0,192,0,940.6,785.6,28,0.488549618,39.6
480,0,0,192,0,936.2,712.2,28,0.4,43.94
480,0,0,192,0,936.2,712.2,7,0.4,34.57
480,0,0,192,0,936.2,712.2,90,0.4,54.32
480,0,0,192,0,936.2,712.2,3,0.4,24.4
333,0,0,192,0,931.2,842.6,3,0.576576577,15.62
255,0,0,192,0,889.8,945,90,0.752941176,21.86
255,0,0,192,0,889.8,945,7,0.752941176,10.22
289,0,0,192,0,913.2,895.3,7,0.664359862,14.6
255,0,0,192,0,889.8,945,28,0.752941176,18.75
333,0,0,192,0,931.2,842.6,28,0.576576577,31.97
333,0,0,192,0,931.2,842.6,7,0.576576577,23.4
289,0,0,192,0,913.2,895.3,28,0.664359862,25.57
333,0,0,192,0,931.2,842.6,90,0.576576577,41.68
393,0,0,192,0,940.6,785.6,7,0.488549618,27.74
255,0,0,192,0,889.8,945,3,0.752941176,8.2
158.8,238.2,0,185.7,0,1040.6,734.3,7,1.169395466,9.62
238.2,158.8,0,185.7,0,1040.6,734.3,7,0.779596977,15.69
181.9,272.8,0,185.7,0,1012.4,714.3,28,1.020890599,27.94
193.5,290.2,0,185.7,0,998.2,704.3,28,0.959689922,32.63
255.5,170.3,0,185.7,0,1026.6,724.3,7,0.726810176,17.24
272.8,181.9,0,185.7,0,1012.4,714.3,7,0.680718475,19.77
220.8,147.2,0,185.7,0,1055,744.3,28,0.841032609,25.75
397,0,0,185.7,0,1040.6,734.3,28,0.467758186,33.08
382.5,0,0,185.7,0,1047.8,739.3,7,0.485490196,24.07
210.7,316.1,0,185.7,0,977,689.3,7,0.881347888,21.82
158.8,238.2,0,185.7,0,1040.6,734.3,28,1.169395466,21.07
295.8,0,0,185.7,0,1091.4,769.3,7,0.627789047,14.84
255.5,170.3,0,185.7,0,1026.6,724.3,28,0.726810176,32.05
203.5,135.7,0,185.7,0,1076.2,759.3,7,0.912530713,11.96
397,0,0,185.7,0,1040.6,734.3,7,0.467758186,25.45
381.4,0,0,185.7,0,1104.6,784.3,28,0.486890404,22.49
295.8,0,0,185.7,0,1091.4,769.3,28,0.627789047,25.22
220.8,147.2,0,185.7,0,1055,744.3,7,0.841032609,13.09
316.1,210.7,0,185.7,0,977,689.3,28,0.587472319,38.7
135.7,203.5,0,185.7,0,1076.2,759.3,7,1.368459838,7.51
238.1,0,0,185.7,0,1118.8,789.3,28,0.779924402,17.58
339.2,0,0,185.7,0,1069.2,754.3,7,0.547464623,21.18
135.7,203.5,0,185.7,0,1076.2,759.3,28,1.368459838,18.2
193.5,290.2,0,185.7,0,998.2,704.3,7,0.959689922,17.2
203.5,135.7,0,185.7,0,1076.2,759.3,28,0.912530713,22.63
290.2,193.5,0,185.7,0,998.2,704.3,7,0.639903515,21.86
181.9,272.8,0,185.7,0,1012.4,714.3,7,1.020890599,12.37
170.3,155.5,0,185.7,0,1026.6,724.3,28,1.090428655,25.73
210.7,316.1,0,185.7,0,977,689.3,28,0.881347888,37.81
290.2,193.5,0,185.7,0,998.2,704.3,28,0.639903515,33.04
381.4,0,0,185.7,0,1104.6,784.3,7,0.486890404,14.54
238.2,158.8,0,185.7,0,1040.6,734.3,28,0.779596977,26.91
186.2,124.1,0,185.7,0,1083.4,764.3,7,0.997314715,8
339.2,0,0,185.7,0,1069.2,754.3,28,0.547464623,31.9
238.1,0,0,185.7,0,1118.8,789.3,7,0.779924402,10.34
252.5,0,0,185.7,0,1111.6,784.3,28,0.735445545,19.77
382.5,0,0,185.7,0,1047.8,739.3,28,0.485490196,37.44
252.5,0,0,185.7,0,1111.6,784.3,7,0.735445545,11.48
316.1,210.7,0,185.7,0,977,689.3,7,0.587472319,24.44
186.2,124.1,0,185.7,0,1083.4,764.3,28,0.997314715,17.6
170.3,155.5,0,185.7,0,1026.6,724.3,7,1.090428655,10.73
272.8,181.9,0,185.7,0,1012.4,714.3,28,0.680718475,31.38
339,0,0,197,0,968,781,3,0.581120944,13.22
339,0,0,197,0,968,781,7,0.581120944,20.97
339,0,0,197,0,968,781,14,0.581120944,27.04
339,0,0,197,0,968,781,28,0.581120944,32.04
339,0,0,197,0,968,781,90,0.581120944,35.17
339,0,0,197,0,968,781,180,0.581120944,36.45
339,0,0,197,0,968,781,365,0.581120944,38.89
236,0,0,194,0,968,885,3,0.822033898,6.47
236,0,0,194,0,968,885,14,0.822033898,12.84
236,0,0,194,0,968,885,28,0.822033898,18.42
236,0,0,194,0,968,885,90,0.822033898,21.95
236,0,0,193,0,968,885,180,0.81779661,24.1
236,0,0,193,0,968,885,365,0.81779661,25.08
277,0,0,191,0,968,856,14,0.689530686,21.26
277,0,0,191,0,968,856,28,0.689530686,25.97
277,0,0,191,0,968,856,3,0.689530686,11.36
277,0,0,191,0,968,856,90,0.689530686,31.25
277,0,0,191,0,968,856,180,0.689530686,32.33
277,0,0,191,0,968,856,360,0.689530686,33.7
254,0,0,198,0,968,863,3,0.779527559,9.31
254,0,0,198,0,968,863,90,0.779527559,26.94
254,0,0,198,0,968,863,180,0.779527559,27.63
254,0,0,198,0,968,863,365,0.779527559,29.79
307,0,0,193,0,968,812,180,0.628664495,34.49
307,0,0,193,0,968,812,365,0.628664495,36.15
307,0,0,193,0,968,812,3,0.628664495,12.54
307,0,0,193,0,968,812,28,0.628664495,27.53
307,0,0,193,0,968,812,90,0.628664495,32.92
236,0,0,193,0,968,885,7,0.81779661,9.99
200,0,0,180,0,1125,845,7,0.9,7.84
200,0,0,180,0,1125,845,28,0.9,12.25
225,0,0,181,0,1113,833,7,0.804444444,11.17
225,0,0,181,0,1113,833,28,0.804444444,17.34
325,0,0,184,0,1063,783,7,0.566153846,17.54
325,0,0,184,0,1063,783,28,0.566153846,30.57
275,0,0,183,0,1088,808,7,0.665454545,14.2
275,0,0,183,0,1088,808,28,0.665454545,24.5
300,0,0,184,0,1075,795,7,0.613333333,15.58
300,0,0,184,0,1075,795,28,0.613333333,26.85
375,0,0,186,0,1038,758,7,0.496,26.06
375,0,0,186,0,1038,758,28,0.496,38.21
400,0,0,187,0,1025,745,28,0.4675,43.7
400,0,0,187,0,1025,745,7,0.4675,30.14
250,0,0,182,0,1100,820,7,0.728,12.73
250,0,0,182,0,1100,820,28,0.728,20.87
350,0,0,186,0,1050,770,7,0.531428571,20.28
350,0,0,186,0,1050,770,28,0.531428571,34.29
203.5,305.3,0,203.5,0,963.4,630,7,1,19.54
250.2,166.8,0,203.5,0,977.6,694.1,90,0.813349321,47.71
157,236,0,192,0,935.4,781.2,90,1.222929936,43.38
141.3,212,0,203.5,0,971.8,748.5,28,1.44019816,29.89
166.8,250.2,0,203.5,0,975.6,692.6,3,1.220023981,6.9
183.9,122.6,0,203.5,0,959.2,800,3,1.106579663,4.9
166.8,250.2,0,203.5,0,975.6,692.6,28,1.220023981,33.95
200,133,0,192,0,965.4,806.2,3,0.96,11.41
305.3,203.5,0,203.5,0,965.4,631,7,0.666557484,25.89
141.3,212,0,203.5,0,971.8,748.5,7,1.44019816,10.39
157,236,0,192,0,935.4,781.2,28,1.222929936,33.66
133,200,0,192,0,927.4,839.2,28,1.443609023,27.87
250.2,166.8,0,203.5,0,977.6,694.1,7,0.813349321,19.35
173,116,0,192,0,946.8,856.8,7,1.10982659,11.39
192,288,0,192,0,929.8,716.1,3,1,12.79
192,288,0,192,0,929.8,716.1,28,1,39.32
153,102,0,192,0,888,943.1,3,1.254901961,4.78
288,192,0,192,0,932,717.8,3,0.666666667,16.11
305.3,203.5,0,203.5,0,965.4,631,28,0.666557484,43.38
236,157,0,192,0,972.6,749.1,7,0.813559322,20.42
173,116,0,192,0,946.8,856.8,3,1.10982659,6.94
212,141.3,0,203.5,0,973.4,750,7,0.95990566,15.03
236,157,0,192,0,972.6,749.1,3,0.813559322,13.57
183.9,122.6,0,203.5,0,959.2,800,90,1.106579663,32.53
166.8,250.2,0,203.5,0,975.6,692.6,7,1.220023981,15.75
288,192,0,192,0,932,717.8,28,0.666666667,38.8
212,141.3,0,203.5,0,973.4,750,28,0.95990566,33
173,116,0,192,0,946.8,856.8,28,1.10982659,24.28
183.9,122.6,0,203.5,0,959.2,800,28,1.106579663,24.05
133,200,0,192,0,927.4,839.2,90,1.443609023,36.59
192,288,0,192,0,929.8,716.1,90,1,50.73
133,200,0,192,0,927.4,839.2,7,1.443609023,13.66
305.3,203.5,0,203.5,0,965.4,631,3,0.666557484,14.14
236,157,0,192,0,972.6,749.1,90,0.813559322,47.78
157,236,0,192,0,935.4,781.2,7,1.222929936,16.89
288,192,0,192,0,932,717.8,7,0.666666667,23.52
212,141.3,0,203.5,0,973.4,750,3,0.95990566,6.81
212,141.3,0,203.5,0,973.4,750,90,0.95990566,39.7
153,102,0,192,0,888,943.1,28,1.254901961,17.96
236,157,0,192,0,972.6,749.1,28,0.813559322,32.88
183.9,122.6,0,203.5,0,959.2,800,7,1.106579663,10.79
203.5,305.3,0,203.5,0,963.4,630,28,1,41.68
203.5,305.3,0,203.5,0,963.4,630,3,1,9.56
133,200,0,192,0,927.4,839.2,3,1.443609023,6.88
288,192,0,192,0,932,717.8,90,0.666666667,50.53
200,133,0,192,0,965.4,806.2,7,0.96,17.17
200,133,0,192,0,965.4,806.2,28,0.96,30.44
250.2,166.8,0,203.5,0,977.6,694.1,3,0.813349321,9.73
153,102,0,192,0,888,943.1,90,1.254901961,26.32
200,133,0,192,0,965.4,806.2,90,0.96,43.25
173,116,0,192,0,946.8,856.8,90,1.10982659,32.1
250.2,166.8,0,203.5,0,977.6,694.1,28,0.813349321,36.96
305.3,203.5,0,203.5,0,965.4,631,90,0.666557484,54.6
192,288,0,192,0,929.8,716.1,7,1,21.48
157,236,0,192,0,935.4,781.2,3,1.222929936,9.69
153,102,0,192,0,888,943.1,7,1.254901961,8.37
141.3,212,0,203.5,0,971.8,748.5,90,1.44019816,39.66
141.3,212,0,203.5,0,971.8,748.5,3,1.44019816,4.83
166.8,250.2,0,203.5,0,975.6,692.6,90,1.220023981,43.57
203.5,305.3,0,203.5,0,963.4,630,90,1,51.86
310,0,0,192,0,1012,830,3,0.619354839,11.85
310,0,0,192,0,1012,830,7,0.619354839,17.24
310,0,0,192,0,1012,830,28,0.619354839,27.83
310,0,0,192,0,1012,830,90,0.619354839,35.76
310,0,0,192,0,1012,830,120,0.619354839,38.7
331,0,0,192,0,1025,821,3,0.580060423,14.31
331,0,0,192,0,1025,821,7,0.580060423,17.44
331,0,0,192,0,1025,821,28,0.580060423,31.74
331,0,0,192,0,1025,821,90,0.580060423,37.91
331,0,0,192,0,1025,821,120,0.580060423,39.38
349,0,0,192,0,1056,809,3,0.550143266,15.87
349,0,0,192,0,1056,809,7,0.550143266,9.01
349,0,0,192,0,1056,809,28,0.550143266,33.61
349,0,0,192,0,1056,809,90,0.550143266,40.66
349,0,0,192,0,1056,809,120,0.550143266,40.86
238,0,0,186,0,1119,789,7,0.781512605,12.05
238,0,0,186,0,1119,789,28,0.781512605,17.54
296,0,0,186,0,1090,769,7,0.628378378,18.91
296,0,0,186,0,1090,769,28,0.628378378,25.18
297,0,0,186,0,1040,734,7,0.626262626,30.96
480,0,0,192,0,936,721,28,0.4,43.89
480,0,0,192,0,936,721,90,0.4,54.28
397,0,0,186,0,1040,734,28,0.468513854,36.94
281,0,0,186,0,1104,774,7,0.661921708,14.5
281,0,0,185,0,1104,774,28,0.658362989,22.44
500,0,0,200,0,1125,613,1,0.4,12.64
500,0,0,200,0,1125,613,3,0.4,26.06
500,0,0,200,0,1125,613,7,0.4,33.21
500,0,0,200,0,1125,613,14,0.4,36.94
500,0,0,200,0,1125,613,28,0.4,44.09
540,0,0,173,0,1125,613,7,0.32037037,52.61
540,0,0,173,0,1125,613,14,0.32037037,59.76
540,0,0,173,0,1125,613,28,0.32037037,67.31
540,0,0,173,0,1125,613,90,0.32037037,69.66
540,0,0,173,0,1125,613,180,0.32037037,71.62
540,0,0,173,0,1125,613,270,0.32037037,74.17
350,0,0,203,0,974,775,7,0.58,18.13
350,0,0,203,0,974,775,14,0.58,22.53
350,0,0,203,0,974,775,28,0.58,27.34
350,0,0,203,0,974,775,56,0.58,29.98
350,0,0,203,0,974,775,90,0.58,31.35
350,0,0,203,0,974,775,180,0.58,32.72
385,0,0,186,0,966,763,1,0.483116883,6.27
385,0,0,186,0,966,763,3,0.483116883,14.7
385,0,0,186,0,966,763,7,0.483116883,23.22
385,0,0,186,0,966,763,14,0.483116883,27.92
385,0,0,186,0,966,763,28,0.483116883,31.35
331,0,0,192,0,978,825,180,0.580060423,39
331,0,0,192,0,978,825,360,0.580060423,41.24
349,0,0,192,0,1047,806,3,0.550143266,14.99
331,0,0,192,0,978,825,3,0.580060423,13.52
382,0,0,186,0,1047,739,7,0.486910995,24
382,0,0,186,0,1047,739,28,0.486910995,37.42
382,0,0,186,0,1111,784,7,0.486910995,11.47
281,0,0,186,0,1104,774,28,0.661921708,22.44
339,0,0,185,0,1069,754,7,0.545722714,21.16
339,0,0,185,0,1069,754,28,0.545722714,31.84
295,0,0,185,0,1069,769,7,0.627118644,14.8
295,0,0,185,0,1069,769,28,0.627118644,25.18
238,0,0,185,0,1118,789,28,0.777310924,17.54
296,0,0,192,0,1085,765,7,0.648648649,14.2
296,0,0,192,0,1085,765,28,0.648648649,21.65
296,0,0,192,0,1085,765,90,0.648648649,29.39
331,0,0,192,0,879,825,3,0.580060423,13.52
331,0,0,192,0,978,825,7,0.580060423,16.26
331,0,0,192,0,978,825,28,0.580060423,31.45
331,0,0,192,0,978,825,90,0.580060423,37.23
349,0,0,192,0,1047,806,7,0.550143266,18.13
349,0,0,192,0,1047,806,28,0.550143266,32.72
349,0,0,192,0,1047,806,90,0.550143266,39.49
349,0,0,192,0,1047,806,180,0.550143266,41.05
349,0,0,192,0,1047,806,360,0.550143266,42.13
302,0,0,203,0,974,817,14,0.67218543,18.13
302,0,0,203,0,974,817,180,0.67218543,26.74
525,0,0,189,0,1125,613,180,0.36,61.92
500,0,0,200,0,1125,613,90,0.4,47.22
500,0,0,200,0,1125,613,180,0.4,51.04
500,0,0,200,0,1125,613,270,0.4,55.16
540,0,0,173,0,1125,613,3,0.32037037,41.64
252,0,0,185,0,1111,784,7,0.734126984,13.71
252,0,0,185,0,1111,784,28,0.734126984,19.69
339,0,0,185,0,1060,754,28,0.545722714,31.65
393,0,0,192,0,940,758,3,0.488549618,19.11
393,0,0,192,0,940,758,28,0.488549618,39.58
393,0,0,192,0,940,758,90,0.488549618,48.79
382,0,0,185,0,1047,739,7,0.484293194,24
382,0,0,185,0,1047,739,28,0.484293194,37.42
252,0,0,186,0,1111,784,7,0.738095238,11.47
252,0,0,185,0,1111,784,28,0.734126984,19.69
310,0,0,192,0,970,850,7,0.619354839,14.99
310,0,0,192,0,970,850,28,0.619354839,27.92
310,0,0,192,0,970,850,90,0.619354839,34.68
310,0,0,192,0,970,850,180,0.619354839,37.33
310,0,0,192,0,970,850,360,0.619354839,38.11
525,0,0,189,0,1125,613,3,0.36,33.8
525,0,0,189,0,1125,613,7,0.36,42.42
525,0,0,189,0,1125,613,14,0.36,48.4
525,0,0,189,0,1125,613,28,0.36,55.94
525,0,0,189,0,1125,613,90,0.36,58.78
525,0,0,189,0,1125,613,270,0.36,67.11
322,0,0,203,0,974,800,14,0.630434783,20.77
322,0,0,203,0,974,800,28,0.630434783,25.18
322,0,0,203,0,974,800,180,0.630434783,29.59
302,0,0,203,0,974,817,28,0.67218543,21.75
397,0,0,185,0,1040,734,28,0.465994962,39.09
480,0,0,192,0,936,721,3,0.4,24.39
522,0,0,146,0,896,896,7,0.279693487,50.51
522,0,0,146,0,896,896,28,0.279693487,74.99
273,105,82,210,9,904,680,28,0.769230769,37.17
162,190,148,179,19,838,741,28,1.104938272,33.76
154,144,112,220,10,923,658,28,1.428571429,16.5
147,115,89,202,9,860,829,28,1.37414966,19.99
152,178,139,168,18,944,695,28,1.105263158,36.35
310,143,111,168,22,914,651,28,0.541935484,33.69
144,0,175,158,18,943,844,28,1.097222222,15.42
304,140,0,214,6,895,722,28,0.703947368,33.42
374,0,0,190,7,1013,730,28,0.50802139,39.05
159,149,116,175,15,953,720,28,1.100628931,27.68
153,239,0,200,6,1002,684,28,1.307189542,26.86
310,143,0,168,10,914,804,28,0.541935484,45.3
305,0,100,196,10,959,705,28,0.642622951,30.12
151,0,184,167,12,991,772,28,1.105960265,15.57
142,167,130,174,11,883,785,28,1.225352113,44.61
298,137,107,201,6,878,655,28,0.674496644,53.52
321,164,0,190,5,870,774,28,0.591900312,57.21
366,187,0,191,7,824,757,28,0.521857923,65.91
280,129,100,172,9,825,805,28,0.614285714,52.82
252,97,76,194,8,835,821,28,0.76984127,33.4
165,0,150,182,12,1023,729,28,1.103030303,18.03
156,243,0,180,11,1022,698,28,1.153846154,37.36
160,188,146,203,11,829,710,28,1.26875,32.84
298,0,107,186,6,879,815,28,0.624161074,42.64
318,0,126,210,6,861,737,28,0.660377358,40.06
287,121,94,188,9,904,696,28,0.655052265,41.94
326,166,0,174,9,882,790,28,0.533742331,61.23
356,0,142,193,11,801,778,28,0.542134831,40.87
132,207,161,179,5,867,736,28,1.356060606,33.3
322,149,0,186,8,951,709,28,0.577639752,52.42
164,0,200,181,13,849,846,28,1.103658537,15.09
314,0,113,170,10,925,783,28,0.541401274,38.46
321,0,128,182,11,870,780,28,0.566978193,37.26
288,121,0,177,7,908,829,28,0.614583333,42.13
298,0,107,210,11,880,744,28,0.704697987,31.87
265,111,86,195,6,833,790,28,0.735849057,41.54
160,250,0,168,12,1049,688,28,1.05,39.45
166,260,0,183,13,859,827,28,1.102409639,37.91
276,116,90,180,9,870,768,28,0.652173913,44.28
322,0,116,196,10,818,813,28,0.608695652,31.18
149,139,109,193,6,892,780,28,1.295302013,23.69
159,187,0,176,11,990,789,28,1.106918239,32.76
261,100,78,201,9,864,761,28,0.770114943,32.4
313,0,113,178,8,1002,689,28,0.568690096,36.8
155,183,0,193,9,1047,697,28,1.24516129,18.28
146,230,0,202,3,827,872,28,1.383561644,33.06
296,0,107,221,11,819,778,28,0.746621622,31.42
133,210,0,196,3,949,795,28,1.473684211,31.03
313,145,0,178,8,867,824,28,0.568690096,44.39
152,0,112,184,8,992,816,28,1.210526316,12.18
153,145,113,178,8,1002,689,28,1.163398693,25.56
140,133,103,200,7,916,753,28,1.428571429,36.44
149,236,0,176,13,847,893,28,1.181208054,32.96
300,0,120,212,10,878,728,28,0.706666667,23.84
153,145,113,178,8,867,824,28,1.163398693,26.23
148,0,137,158,16,1002,830,28,1.067567568,17.95
326,0,138,199,11,801,792,28,0.610429448,40.68
153,145,0,178,8,1000,822,28,1.163398693,19.01
262,111,86,195,5,895,733,28,0.744274809,33.72
158,0,195,220,11,898,713,28,1.392405063,8.54
151,0,185,167,16,1074,678,28,1.105960265,13.46
273,0,90,199,11,931,762,28,0.728937729,32.24
149,118,92,183,7,953,780,28,1.228187919,23.52
143,169,143,191,8,967,643,28,1.335664336,29.72
260,101,78,171,10,936,763,28,0.657692308,49.77
313,161,0,178,10,917,759,28,0.568690096,52.44
284,120,0,168,7,970,794,28,0.591549296,40.93
336,0,0,182,3,986,817,28,0.541666667,44.86
145,0,134,181,11,979,812,28,1.248275862,13.2
150,237,0,174,12,1069,675,28,1.16,37.43
144,170,133,192,8,814,805,28,1.333333333,29.87
331,170,0,195,8,811,802,28,0.589123867,56.61
155,0,143,193,9,1047,697,28,1.24516129,12.46
155,183,0,193,9,877,868,28,1.24516129,23.79
135,0,166,180,10,961,805,28,1.333333333,13.29
266,112,87,178,10,910,745,28,0.669172932,39.42
314,145,113,179,8,869,690,28,0.570063694,46.23
146,173,0,182,3,986,817,28,1.246575342,23.74
144,136,106,178,7,941,774,28,1.236111111,26.14
148,0,182,181,15,839,884,28,1.222972973,15.52
277,117,91,191,7,946,666,28,0.689530686,43.57
298,0,107,164,13,953,784,28,0.55033557,35.86
313,145,0,178,8,1002,689,28,0.568690096,41.05
155,184,143,194,9,880,699,28,1.251612903,28.99
289,134,0,195,6,924,760,28,0.674740484,46.24
148,175,0,171,2,1000,828,28,1.155405405,26.92
145,0,179,202,8,824,869,28,1.393103448,10.54
313,0,0,178,8,1000,822,28,0.568690096,25.1
136,162,126,172,10,923,764,28,1.264705882,29.07
155,0,143,193,9,877,868,28,1.24516129,9.74
255,99,77,189,6,919,749,28,0.741176471,33.8
162,207,172,216,10,822,638,28,1.333333333,39.84
136,196,98,199,6,847,783,28,1.463235294,26.97
164,163,128,197,8,961,641,28,1.201219512,27.23
162,214,164,202,10,820,680,28,1.24691358,30.65
157,214,152,200,9,819,704,28,1.27388535,33.05
149,153,194,192,8,935,623,28,1.288590604,24.58
135,105,193,196,6,965,643,28,1.451851852,21.91
159,209,161,201,7,848,669,28,1.264150943,30.88
144,15,195,176,6,1021,709,28,1.222222222,15.34
154,174,185,228,7,845,612,28,1.480519481,24.34
167,187,195,185,7,898,636,28,1.107784431,23.89
184,86,190,213,6,923,623,28,1.157608696,22.93
156,178,187,221,7,854,614,28,1.416666667,29.41
313.3,0,113,178.5,8,1001.9,688.7,28,0.569741462,36.8
154.8,183.4,0,193.3,9.1,1047.4,696.7,28,1.24870801,18.29
145.9,230.5,0,202.5,3.4,827,871.8,28,1.387936943,32.72
296,0,106.7,221.4,10.5,819.2,778.4,28,0.747972973,31.42
133.1,210.2,0,195.7,3.1,949.4,795.3,28,1.470323065,28.94
313.3,145,0,178.5,8,867.2,824,28,0.569741462,40.93
151.6,0,111.9,184.4,7.9,992,815.9,28,1.216358839,12.18
153.1,145,113,178.5,8,1001.9,688.7,28,1.165904637,25.56
139.9,132.6,103.3,200.3,7.4,916,753.4,28,1.431736955,36.44
149.5,236,0,175.8,12.6,846.8,892.7,28,1.175919732,32.96
299.8,0,119.8,211.5,9.9,878.2,727.6,28,0.705470314,23.84
153.1,145,113,178.5,8,867.2,824,28,1.165904637,26.23
148.1,0,136.6,158.1,16.1,1001.8,830.1,28,1.067521945,17.96
326.5,0,137.9,199,10.8,801.1,792.5,28,0.60949464,38.63
152.7,144.7,0,178.1,8,999.7,822.2,28,1.166339227,19.01
261.9,110.5,86.1,195.4,5,895.2,732.6,28,0.746086292,33.72
158.4,0,194.9,219.7,11,897.7,712.9,28,1.386994949,8.54
150.7,0,185.3,166.7,15.6,1074.5,678,28,1.106171201,13.46
272.6,0,89.6,198.7,10.6,931.3,762.2,28,0.728906823,32.25
149,117.6,91.7,182.9,7.1,953.4,780.3,28,1.227516779,23.52
143,169.4,142.7,190.7,8.4,967.4,643.5,28,1.333566434,29.73
259.9,100.6,78.4,170.6,10.4,935.7,762.9,28,0.65640631,49.77
312.9,160.5,0,177.6,9.6,916.6,759.5,28,0.56759348,52.45
284,119.7,0,168.3,7.2,970.4,794.2,28,0.592605634,40.93
336.5,0,0,181.9,3.4,985.8,816.8,28,0.540564636,44.87
144.8,0,133.6,180.8,11.1,979.5,811.5,28,1.248618785,13.2
150,236.8,0,173.8,11.9,1069.3,674.8,28,1.158666667,37.43
143.7,170.2,132.6,191.6,8.5,814.1,805.3,28,1.333333333,29.87
330.5,169.6,0,194.9,8.1,811,802.3,28,0.589712557,56.62
154.8,0,142.8,193.3,9.1,1047.4,696.7,28,1.24870801,12.46
154.8,183.4,0,193.3,9.1,877.2,867.7,28,1.24870801,23.79
134.7,0,165.7,180.2,10,961,804.9,28,1.337787676,13.29
266.2,112.3,87.5,177.9,10.4,909.7,744.5,28,0.668294515,39.42
314,145.3,113.2,178.9,8,869.1,690.2,28,0.569745223,46.23
145.7,172.6,0,181.9,3.4,985.8,816.8,28,1.248455731,23.74
143.8,136.3,106.2,178.1,7.5,941.5,774.3,28,1.23852573,26.15
148.1,0,182.1,181.4,15,838.9,884.3,28,1.224848076,15.53
277,116.8,91,190.6,7,946.5,665.6,28,0.688086643,43.58
298.1,0,107.5,163.6,12.8,953.2,784,28,0.548809124,35.87
313.3,145,0,178.5,8,1001.9,688.7,28,0.569741462,41.05
155.2,183.9,143.2,193.8,9.2,879.6,698.5,28,1.24871134,28.99
289,133.7,0,194.9,5.5,924.1,760.1,28,0.674394464,46.25
147.8,175.1,0,171.2,2.2,1000,828.5,28,1.158322057,26.92
145.4,0,178.9,201.7,7.8,824,868.7,28,1.387207703,10.54
312.7,0,0,178.1,8,999.7,822.2,28,0.569555484,25.1
136.4,161.6,125.8,171.6,10.4,922.6,764.4,28,1.258064516,29.07
154.8,0,142.8,193.3,9.1,877.2,867.7,28,1.24870801,9.74
255.3,98.8,77,188.6,6.5,919,749.3,28,0.738738739,33.8
272.8,105.1,81.8,209.7,9,904,679.7,28,0.768695015,37.17
162,190.1,148.1,178.8,18.8,838.1,741.4,28,1.103703704,33.76
153.6,144.2,112.3,220.1,10.1,923.2,657.9,28,1.432942708,16.5
146.5,114.6,89.3,201.9,8.8,860,829.5,28,1.378156997,19.99
151.8,178.1,138.7,167.5,18.3,944,694.6,28,1.10342556,36.35
143.6,0,174.9,158.4,17.9,942.7,844.5,28,1.103064067,15.42
303.6,139.9,0,213.5,6.2,895.5,722.5,28,0.703227931,33.42
374.3,0,0,190.2,6.7,1013.2,730.4,28,0.508148544,39.06
158.6,148.9,116,175.1,15,953.3,719.7,28,1.104035309,27.68
152.6,238.7,0,200,6.3,1001.8,683.9,28,1.31061599,26.86
310,142.8,0,167.9,10,914.3,804,28,0.541612903,45.3
304.8,0,99.6,196,9.8,959.4,705.2,28,0.643044619,30.12
150.9,0,183.9,166.6,11.6,991.2,772.2,28,1.104042412,15.57
141.9,166.6,129.7,173.5,10.9,882.6,785.3,28,1.222692037,44.61
297.8,137.2,106.9,201.3,6,878.4,655.3,28,0.675957018,53.52
321.3,164.2,0,190.5,4.6,870,774,28,0.592903828,57.22
366,187,0,191.3,6.6,824.3,756.9,28,0.522677596,65.91
279.8,128.9,100.4,172.4,9.5,825.1,804.9,28,0.616154396,52.83
252.1,97.1,75.6,193.8,8.3,835.5,821.4,28,0.768742562,33.4
164.6,0,150.4,181.6,11.7,1023.3,728.9,28,1.10328068,18.03
155.6,243.5,0,180.3,10.7,1022,697.7,28,1.15874036,37.36
160.2,188,146.4,203.2,11.3,828.7,709.7,28,1.268414482,35.31
298.1,0,107,186.4,6.1,879,815.2,28,0.625293526,42.64
317.9,0,126.5,209.7,5.7,860.5,736.6,28,0.659641397,40.06
287.3,120.5,93.9,187.6,9.2,904.4,695.9,28,0.652975983,43.8
325.6,166.4,0,174,8.9,881.6,790,28,0.534398034,61.24
355.9,0,141.6,193.3,11,801.4,778.4,28,0.543130093,40.87
132,206.5,160.9,178.9,5.5,866.9,735.6,28,1.35530303,33.31
322.5,148.6,0,185.8,8.5,951,709.5,28,0.576124031,52.43
164.2,0,200.1,181.2,12.6,849.3,846,28,1.103532278,15.09
313.8,0,112.6,169.9,10.1,925.3,782.9,28,0.541427661,38.46
321.4,0,127.9,182.5,11.5,870.1,779.7,28,0.567828251,37.27
288.4,121,0,177.4,7,907.9,829.5,28,0.615117892,42.14
298.2,0,107,209.7,11.1,879.6,744.2,28,0.703219316,31.88
264.5,111,86.5,195.5,5.9,832.6,790.4,28,0.739130435,41.54
159.8,250,0,168.4,12.2,1049.3,688.2,28,1.053817272,39.46
166,259.7,0,183.2,12.7,858.8,826.8,28,1.103614458,37.92
276.4,116,90.3,179.6,8.9,870.1,768.3,28,0.649782923,44.28
322.2,0,115.6,196,10.4,817.9,813.4,28,0.608317815,31.18
148.5,139.4,108.6,192.7,6.1,892.4,780,28,1.297643098,23.7
159.1,186.7,0,175.6,11.3,989.6,788.9,28,1.10370836,32.77
260.9,100.5,78.3,200.6,8.6,864.5,761.5,28,0.768876964,32.4
